market_key,commodity,market,district,state,variety,observed_date,minimum_price,maximum_price,modal_price,unit,source
groundnut-laxmeshwar-balli-habbu,Groundnut,Laxmeshwar,Gadag,Karnataka,Balli/Habbu,2021-01-15,2479.0,5069.0,4319.0,INR/quintal,AGMARKNET / Directorate of Marketing and Inspection
groundnut-laxmeshwar-balli-habbu,Groundnut,Laxmeshwar,Gadag,Karnataka,Balli/Habbu,2021-01-16,2719.0,5015.0,4192.0,INR/quintal,AGMARKNET / Directorate of Marketing and Inspection
groundnut-laxmeshwar-balli-habbu,Groundnut,Laxmeshwar,Gadag,Karnataka,Balli/Habbu,2021-01-19,2019.0,5009.0,4089.0,INR/quintal,AGMARKNET / Directorate of Marketing and Inspection
groundnut-laxmeshwar-balli-habbu,Groundnut,Laxmeshwar,Gadag,Karnataka,Balli/Habbu,2021-01-20,2115.0,5071.0,4068.0,INR/quintal,AGMARKNET / Directorate of Marketing and Inspection
groundnut-laxmeshwar-balli-habbu,Groundnut,Laxmeshwar,Gadag,Karnataka,Balli/Habbu,2021-01-21,2509.0,5225.0,4047.0,INR/quintal,AGMARKNET / Directorate of Marketing and Inspection
groundnut-laxmeshwar-balli-habbu,Groundnut,Laxmeshwar,Gadag,Karnataka,Balli/Habbu,2021-01-22,2111.0,5289.0,4856.0,INR/quintal,AGMARKNET / Directorate of Marketing and Inspection
groundnut-laxmeshwar-balli-habbu,Groundnut,Laxmeshwar,Gadag,Karnataka,Balli/Habbu,2021-01-23,2049.0,5219.0,4183.0,INR/quintal,AGMARKNET / Directorate of Marketing and Inspection
groundnut-laxmeshwar-balli-habbu,Groundnut,Laxmeshwar,Gadag,Karnataka,Balli/Habbu,2021-01-27,3016.0,5239.0,4996.0,INR/quintal,AGMARKNET / Directorate of Marketing and Inspection
groundnut-laxmeshwar-balli-habbu,Groundnut,Laxmeshwar,Gadag,Karnataka,Balli/Habbu,2021-01-28,2868.0,5289.0,4131.0,INR/quintal,AGMARKNET / Directorate of Marketing and Inspection
groundnut-laxmeshwar-balli-habbu,Groundnut,Laxmeshwar,Gadag,Karnataka,Balli/Habbu,2021-01-29,2609.0,5279.0,4369.0,INR/quintal,AGMARKNET / Directorate of Marketing and Inspection
groundnut-laxmeshwar-balli-habbu,Groundnut,Laxmeshwar,Gadag,Karnataka,Balli/Habbu,2021-01-30,2218.0,5289.0,4263.0,INR/quintal,AGMARKNET / Directorate of Marketing and Inspection
groundnut-laxmeshwar-balli-habbu,Groundnut,Laxmeshwar,Gadag,Karnataka,Balli/Habbu,2021-02-02,2089.0,5429.0,4104.0,INR/quintal,AGMARKNET / Directorate of Marketing and Inspection
groundnut-laxmeshwar-balli-habbu,Groundnut,Laxmeshwar,Gadag,Karnataka,Balli/Habbu,2021-02-03,2239.0,5119.0,3489.0,INR/quintal,AGMARKNET / Directorate of Marketing and Inspection
groundnut-laxmeshwar-balli-habbu,Groundnut,Laxmeshwar,Gadag,Karnataka,Balli/Habbu,2021-02-04,2509.0,5189.0,4078.0,INR/quintal,AGMARKNET / Directorate of Marketing and Inspection
groundnut-laxmeshwar-balli-habbu,Groundnut,Laxmeshwar,Gadag,Karnataka,Balli/Habbu,2021-02-05,2195.0,5179.0,3189.0,INR/quintal,AGMARKNET / Directorate of Marketing and Inspection
groundnut-laxmeshwar-balli-habbu,Groundnut,Laxmeshwar,Gadag,Karnataka,Balli/Habbu,2021-02-06,2459.0,5066.0,4299.0,INR/quintal,AGMARKNET / Directorate of Marketing and Inspection
groundnut-laxmeshwar-balli-habbu,Groundnut,Laxmeshwar,Gadag,Karnataka,Balli/Habbu,2021-02-09,2775.0,5396.0,4627.0,INR/quintal,AGMARKNET / Directorate of Marketing and Inspection
groundnut-laxmeshwar-balli-habbu,Groundnut,Laxmeshwar,Gadag,Karnataka,Balli/Habbu,2021-02-10,2771.0,5279.0,4139.0,INR/quintal,AGMARKNET / Directorate of Marketing and Inspection
groundnut-laxmeshwar-balli-habbu,Groundnut,Laxmeshwar,Gadag,Karnataka,Balli/Habbu,2021-02-12,2609.0,5436.0,4721.0,INR/quintal,AGMARKNET / Directorate of Marketing and Inspection
groundnut-laxmeshwar-balli-habbu,Groundnut,Laxmeshwar,Gadag,Karnataka,Balli/Habbu,2021-02-15,2208.0,5266.0,3488.0,INR/quintal,AGMARKNET / Directorate of Marketing and Inspection
groundnut-laxmeshwar-balli-habbu,Groundnut,Laxmeshwar,Gadag,Karnataka,Balli/Habbu,2021-02-19,2915.0,5498.0,4872.0,INR/quintal,AGMARKNET / Directorate of Marketing and Inspection
groundnut-laxmeshwar-balli-habbu,Groundnut,Laxmeshwar,Gadag,Karnataka,Balli/Habbu,2021-02-22,2915.0,5422.0,4781.0,INR/quintal,AGMARKNET / Directorate of Marketing and Inspection
groundnut-laxmeshwar-balli-habbu,Groundnut,Laxmeshwar,Gadag,Karnataka,Balli/Habbu,2021-02-23,2789.0,5219.0,4659.0,INR/quintal,AGMARKNET / Directorate of Marketing and Inspection
groundnut-laxmeshwar-balli-habbu,Groundnut,Laxmeshwar,Gadag,Karnataka,Balli/Habbu,2021-02-24,2798.0,5489.0,4890.0,INR/quintal,AGMARKNET / Directorate of Marketing and Inspection
groundnut-laxmeshwar-balli-habbu,Groundnut,Laxmeshwar,Gadag,Karnataka,Balli/Habbu,2021-02-25,2819.0,5459.0,4860.0,INR/quintal,AGMARKNET / Directorate of Marketing and Inspection
groundnut-laxmeshwar-balli-habbu,Groundnut,Laxmeshwar,Gadag,Karnataka,Balli/Habbu,2021-02-26,2895.0,5557.0,4994.0,INR/quintal,AGMARKNET / Directorate of Marketing and Inspection
groundnut-laxmeshwar-balli-habbu,Groundnut,Laxmeshwar,Gadag,Karnataka,Balli/Habbu,2021-03-02,2199.0,5619.0,3899.0,INR/quintal,AGMARKNET / Directorate of Marketing and Inspection
groundnut-laxmeshwar-balli-habbu,Groundnut,Laxmeshwar,Gadag,Karnataka,Balli/Habbu,2021-03-05,2259.0,5220.0,3899.0,INR/quintal,AGMARKNET / Directorate of Marketing and Inspection
groundnut-laxmeshwar-balli-habbu,Groundnut,Laxmeshwar,Gadag,Karnataka,Balli/Habbu,2021-03-06,2075.0,5029.0,3499.0,INR/quintal,AGMARKNET / Directorate of Marketing and Inspection
groundnut-laxmeshwar-balli-habbu,Groundnut,Laxmeshwar,Gadag,Karnataka,Balli/Habbu,2021-03-10,2789.0,5769.0,5039.0,INR/quintal,AGMARKNET / Directorate of Marketing and Inspection
groundnut-laxmeshwar-balli-habbu,Groundnut,Laxmeshwar,Gadag,Karnataka,Balli/Habbu,2021-03-12,2611.0,5769.0,4462.0,INR/quintal,AGMARKNET / Directorate of Marketing and Inspection
groundnut-laxmeshwar-balli-habbu,Groundnut,Laxmeshwar,Gadag,Karnataka,Balli/Habbu,2021-03-15,3089.0,5973.0,5596.0,INR/quintal,AGMARKNET / Directorate of Marketing and Inspection
groundnut-laxmeshwar-balli-habbu,Groundnut,Laxmeshwar,Gadag,Karnataka,Balli/Habbu,2021-03-16,2399.0,5799.0,4899.0,INR/quintal,AGMARKNET / Directorate of Marketing and Inspection
groundnut-laxmeshwar-balli-habbu,Groundnut,Laxmeshwar,Gadag,Karnataka,Balli/Habbu,2021-03-17,2218.0,5729.0,3556.0,INR/quintal,AGMARKNET / Directorate of Marketing and Inspection
groundnut-laxmeshwar-balli-habbu,Groundnut,Laxmeshwar,Gadag,Karnataka,Balli/Habbu,2021-03-18,2189.0,5771.0,3599.0,INR/quintal,AGMARKNET / Directorate of Marketing and Inspection
groundnut-laxmeshwar-balli-habbu,Groundnut,Laxmeshwar,Gadag,Karnataka,Balli/Habbu,2021-03-19,3089.0,5815.0,5094.0,INR/quintal,AGMARKNET / Directorate of Marketing and Inspection
groundnut-laxmeshwar-balli-habbu,Groundnut,Laxmeshwar,Gadag,Karnataka,Balli/Habbu,2021-03-20,2189.0,5799.0,3589.0,INR/quintal,AGMARKNET / Directorate of Marketing and Inspection
groundnut-laxmeshwar-balli-habbu,Groundnut,Laxmeshwar,Gadag,Karnataka,Balli/Habbu,2021-03-22,2793.0,6079.0,5264.0,INR/quintal,AGMARKNET / Directorate of Marketing and Inspection
groundnut-laxmeshwar-balli-habbu,Groundnut,Laxmeshwar,Gadag,Karnataka,Balli/Habbu,2021-03-23,2769.0,5759.0,4480.0,INR/quintal,AGMARKNET / Directorate of Marketing and Inspection
groundnut-laxmeshwar-balli-habbu,Groundnut,Laxmeshwar,Gadag,Karnataka,Balli/Habbu,2021-03-24,2899.0,5929.0,4446.0,INR/quintal,AGMARKNET / Directorate of Marketing and Inspection
groundnut-laxmeshwar-balli-habbu,Groundnut,Laxmeshwar,Gadag,Karnataka,Balli/Habbu,2021-03-26,2799.0,5579.0,4708.0,INR/quintal,AGMARKNET / Directorate of Marketing and Inspection
groundnut-laxmeshwar-balli-habbu,Groundnut,Laxmeshwar,Gadag,Karnataka,Balli/Habbu,2021-03-27,2963.0,5263.0,4359.0,INR/quintal,AGMARKNET / Directorate of Marketing and Inspection
groundnut-laxmeshwar-balli-habbu,Groundnut,Laxmeshwar,Gadag,Karnataka,Balli/Habbu,2021-03-29,2119.0,5639.0,3899.0,INR/quintal,AGMARKNET / Directorate of Marketing and Inspection
groundnut-laxmeshwar-balli-habbu,Groundnut,Laxmeshwar,Gadag,Karnataka,Balli/Habbu,2021-03-30,2189.0,5629.0,3299.0,INR/quintal,AGMARKNET / Directorate of Marketing and Inspection
groundnut-laxmeshwar-balli-habbu,Groundnut,Laxmeshwar,Gadag,Karnataka,Balli/Habbu,2021-03-31,2489.0,5629.0,3789.0,INR/quintal,AGMARKNET / Directorate of Marketing and Inspection
groundnut-laxmeshwar-balli-habbu,Groundnut,Laxmeshwar,Gadag,Karnataka,Balli/Habbu,2021-04-05,2835.0,5297.0,4451.0,INR/quintal,AGMARKNET / Directorate of Marketing and Inspection
groundnut-laxmeshwar-balli-habbu,Groundnut,Laxmeshwar,Gadag,Karnataka,Balli/Habbu,2021-04-06,2519.0,5119.0,4325.0,INR/quintal,AGMARKNET / Directorate of Marketing and Inspection
groundnut-laxmeshwar-balli-habbu,Groundnut,Laxmeshwar,Gadag,Karnataka,Balli/Habbu,2021-04-07,2569.0,5389.0,4256.0,INR/quintal,AGMARKNET / Directorate of Marketing and Inspection
groundnut-laxmeshwar-balli-habbu,Groundnut,Laxmeshwar,Gadag,Karnataka,Balli/Habbu,2021-04-08,2715.0,5132.0,4768.0,INR/quintal,AGMARKNET / Directorate of Marketing and Inspection
groundnut-laxmeshwar-balli-habbu,Groundnut,Laxmeshwar,Gadag,Karnataka,Balli/Habbu,2021-04-09,2509.0,5377.0,4281.0,INR/quintal,AGMARKNET / Directorate of Marketing and Inspection
groundnut-laxmeshwar-balli-habbu,Groundnut,Laxmeshwar,Gadag,Karnataka,Balli/Habbu,2021-04-15,2525.0,5669.0,4543.0,INR/quintal,AGMARKNET / Directorate of Marketing and Inspection
groundnut-laxmeshwar-balli-habbu,Groundnut,Laxmeshwar,Gadag,Karnataka,Balli/Habbu,2021-04-16,2389.0,5469.0,4899.0,INR/quintal,AGMARKNET / Directorate of Marketing and Inspection
groundnut-laxmeshwar-balli-habbu,Groundnut,Laxmeshwar,Gadag,Karnataka,Balli/Habbu,2021-04-17,2419.0,5539.0,4278.0,INR/quintal,AGMARKNET / Directorate of Marketing and Inspection
groundnut-laxmeshwar-balli-habbu,Groundnut,Laxmeshwar,Gadag,Karnataka,Balli/Habbu,2021-04-19,2527.0,5589.0,4368.0,INR/quintal,AGMARKNET / Directorate of Marketing and Inspection
groundnut-laxmeshwar-balli-habbu,Groundnut,Laxmeshwar,Gadag,Karnataka,Balli/Habbu,2021-04-20,2539.0,5167.0,4649.0,INR/quintal,AGMARKNET / Directorate of Marketing and Inspection
groundnut-laxmeshwar-balli-habbu,Groundnut,Laxmeshwar,Gadag,Karnataka,Balli/Habbu,2021-04-21,2528.0,5239.0,4519.0,INR/quintal,AGMARKNET / Directorate of Marketing and Inspection
groundnut-laxmeshwar-balli-habbu,Groundnut,Laxmeshwar,Gadag,Karnataka,Balli/Habbu,2021-04-22,2829.0,5689.0,4519.0,INR/quintal,AGMARKNET / Directorate of Marketing and Inspection
groundnut-laxmeshwar-balli-habbu,Groundnut,Laxmeshwar,Gadag,Karnataka,Balli/Habbu,2021-04-23,2869.0,5789.0,4368.0,INR/quintal,AGMARKNET / Directorate of Marketing and Inspection
groundnut-laxmeshwar-balli-habbu,Groundnut,Laxmeshwar,Gadag,Karnataka,Balli/Habbu,2021-04-26,2009.0,5536.0,4299.0,INR/quintal,AGMARKNET / Directorate of Marketing and Inspection
groundnut-laxmeshwar-balli-habbu,Groundnut,Laxmeshwar,Gadag,Karnataka,Balli/Habbu,2021-04-27,2849.0,5489.0,4051.0,INR/quintal,AGMARKNET / Directorate of Marketing and Inspection
groundnut-laxmeshwar-balli-habbu,Groundnut,Laxmeshwar,Gadag,Karnataka,Balli/Habbu,2021-06-02,2525.0,5618.0,4074.0,INR/quintal,AGMARKNET / Directorate of Marketing and Inspection
groundnut-laxmeshwar-balli-habbu,Groundnut,Laxmeshwar,Gadag,Karnataka,Balli/Habbu,2021-06-07,1825.0,5309.0,4153.0,INR/quintal,AGMARKNET / Directorate of Marketing and Inspection
groundnut-laxmeshwar-balli-habbu,Groundnut,Laxmeshwar,Gadag,Karnataka,Balli/Habbu,2021-06-08,2355.0,5618.0,4614.0,INR/quintal,AGMARKNET / Directorate of Marketing and Inspection
groundnut-laxmeshwar-balli-habbu,Groundnut,Laxmeshwar,Gadag,Karnataka,Balli/Habbu,2021-06-09,2289.0,5529.0,4399.0,INR/quintal,AGMARKNET / Directorate of Marketing and Inspection
groundnut-laxmeshwar-balli-habbu,Groundnut,Laxmeshwar,Gadag,Karnataka,Balli/Habbu,2021-06-11,2299.0,5439.0,4083.0,INR/quintal,AGMARKNET / Directorate of Marketing and Inspection
groundnut-laxmeshwar-balli-habbu,Groundnut,Laxmeshwar,Gadag,Karnataka,Balli/Habbu,2021-06-12,2415.0,5497.0,4210.0,INR/quintal,AGMARKNET / Directorate of Marketing and Inspection
groundnut-laxmeshwar-balli-habbu,Groundnut,Laxmeshwar,Gadag,Karnataka,Balli/Habbu,2021-06-16,2695.0,5179.0,4315.0,INR/quintal,AGMARKNET / Directorate of Marketing and Inspection
groundnut-laxmeshwar-balli-habbu,Groundnut,Laxmeshwar,Gadag,Karnataka,Balli/Habbu,2021-06-17,2649.0,5169.0,4239.0,INR/quintal,AGMARKNET / Directorate of Marketing and Inspection
groundnut-laxmeshwar-balli-habbu,Groundnut,Laxmeshwar,Gadag,Karnataka,Balli/Habbu,2021-06-25,2295.0,5097.0,4304.0,INR/quintal,AGMARKNET / Directorate of Marketing and Inspection
groundnut-laxmeshwar-balli-habbu,Groundnut,Laxmeshwar,Gadag,Karnataka,Balli/Habbu,2021-06-29,2039.0,5189.0,4166.0,INR/quintal,AGMARKNET / Directorate of Marketing and Inspection
groundnut-laxmeshwar-balli-habbu,Groundnut,Laxmeshwar,Gadag,Karnataka,Balli/Habbu,2021-06-30,2687.0,5032.0,4057.0,INR/quintal,AGMARKNET / Directorate of Marketing and Inspection
maize-pune-deshi-red,Maize,Pune,Pune,Maharashtra,Deshi Red,2021-01-14,1900.0,2000.0,1950.0,INR/quintal,AGMARKNET / Directorate of Marketing and Inspection
maize-pune-deshi-red,Maize,Pune,Pune,Maharashtra,Deshi Red,2021-01-15,1900.0,2000.0,1950.0,INR/quintal,AGMARKNET / Directorate of Marketing and Inspection
maize-pune-deshi-red,Maize,Pune,Pune,Maharashtra,Deshi Red,2021-01-16,1900.0,2000.0,1950.0,INR/quintal,AGMARKNET / Directorate of Marketing and Inspection
maize-pune-deshi-red,Maize,Pune,Pune,Maharashtra,Deshi Red,2021-01-19,1900.0,2000.0,1950.0,INR/quintal,AGMARKNET / Directorate of Marketing and Inspection
maize-pune-deshi-red,Maize,Pune,Pune,Maharashtra,Deshi Red,2021-01-20,1900.0,1975.0,1940.0,INR/quintal,AGMARKNET / Directorate of Marketing and Inspection
maize-pune-deshi-red,Maize,Pune,Pune,Maharashtra,Deshi Red,2021-01-21,1900.0,1975.0,1950.0,INR/quintal,AGMARKNET / Directorate of Marketing and Inspection
maize-pune-deshi-red,Maize,Pune,Pune,Maharashtra,Deshi Red,2021-01-22,1900.0,2000.0,1975.0,INR/quintal,AGMARKNET / Directorate of Marketing and Inspection
maize-pune-deshi-red,Maize,Pune,Pune,Maharashtra,Deshi Red,2021-01-23,1900.0,2000.0,1975.0,INR/quintal,AGMARKNET / Directorate of Marketing and Inspection
maize-pune-deshi-red,Maize,Pune,Pune,Maharashtra,Deshi Red,2021-01-27,1900.0,2000.0,1975.0,INR/quintal,AGMARKNET / Directorate of Marketing and Inspection
maize-pune-deshi-red,Maize,Pune,Pune,Maharashtra,Deshi Red,2021-01-28,1900.0,2000.0,1975.0,INR/quintal,AGMARKNET / Directorate of Marketing and Inspection
maize-pune-deshi-red,Maize,Pune,Pune,Maharashtra,Deshi Red,2021-01-29,1900.0,2000.0,1975.0,INR/quintal,AGMARKNET / Directorate of Marketing and Inspection
maize-pune-deshi-red,Maize,Pune,Pune,Maharashtra,Deshi Red,2021-01-30,1900.0,2000.0,1975.0,INR/quintal,AGMARKNET / Directorate of Marketing and Inspection
maize-pune-deshi-red,Maize,Pune,Pune,Maharashtra,Deshi Red,2021-02-02,1900.0,2000.0,1975.0,INR/quintal,AGMARKNET / Directorate of Marketing and Inspection
maize-pune-deshi-red,Maize,Pune,Pune,Maharashtra,Deshi Red,2021-02-03,1900.0,2000.0,1975.0,INR/quintal,AGMARKNET / Directorate of Marketing and Inspection
maize-pune-deshi-red,Maize,Pune,Pune,Maharashtra,Deshi Red,2021-02-04,1900.0,2000.0,1975.0,INR/quintal,AGMARKNET / Directorate of Marketing and Inspection
maize-pune-deshi-red,Maize,Pune,Pune,Maharashtra,Deshi Red,2021-02-05,1950.0,2050.0,2025.0,INR/quintal,AGMARKNET / Directorate of Marketing and Inspection
maize-pune-deshi-red,Maize,Pune,Pune,Maharashtra,Deshi Red,2021-02-06,2000.0,2100.0,2050.0,INR/quintal,AGMARKNET / Directorate of Marketing and Inspection
maize-pune-deshi-red,Maize,Pune,Pune,Maharashtra,Deshi Red,2021-02-09,2000.0,2100.0,2075.0,INR/quintal,AGMARKNET / Directorate of Marketing and Inspection
maize-pune-deshi-red,Maize,Pune,Pune,Maharashtra,Deshi Red,2021-02-10,1950.0,2050.0,2025.0,INR/quintal,AGMARKNET / Directorate of Marketing and Inspection
maize-pune-deshi-red,Maize,Pune,Pune,Maharashtra,Deshi Red,2021-02-11,2000.0,2100.0,2075.0,INR/quintal,AGMARKNET / Directorate of Marketing and Inspection
maize-pune-deshi-red,Maize,Pune,Pune,Maharashtra,Deshi Red,2021-02-12,1950.0,2100.0,2050.0,INR/quintal,AGMARKNET / Directorate of Marketing and Inspection
maize-pune-deshi-red,Maize,Pune,Pune,Maharashtra,Deshi Red,2021-02-15,1900.0,2000.0,1975.0,INR/quintal,AGMARKNET / Directorate of Marketing and Inspection
maize-pune-deshi-red,Maize,Pune,Pune,Maharashtra,Deshi Red,2021-02-22,1900.0,2100.0,2050.0,INR/quintal,AGMARKNET / Directorate of Marketing and Inspection
maize-pune-deshi-red,Maize,Pune,Pune,Maharashtra,Deshi Red,2021-02-23,1950.0,2100.0,2050.0,INR/quintal,AGMARKNET / Directorate of Marketing and Inspection
maize-pune-deshi-red,Maize,Pune,Pune,Maharashtra,Deshi Red,2021-02-24,1950.0,2150.0,2075.0,INR/quintal,AGMARKNET / Directorate of Marketing and Inspection
maize-pune-deshi-red,Maize,Pune,Pune,Maharashtra,Deshi Red,2021-02-25,1900.0,2150.0,2050.0,INR/quintal,AGMARKNET / Directorate of Marketing and Inspection
maize-pune-deshi-red,Maize,Pune,Pune,Maharashtra,Deshi Red,2021-03-02,1900.0,2100.0,2050.0,INR/quintal,AGMARKNET / Directorate of Marketing and Inspection
maize-pune-deshi-red,Maize,Pune,Pune,Maharashtra,Deshi Red,2021-03-04,1950.0,2150.0,2050.0,INR/quintal,AGMARKNET / Directorate of Marketing and Inspection
maize-pune-deshi-red,Maize,Pune,Pune,Maharashtra,Deshi Red,2021-03-05,1900.0,2100.0,2050.0,INR/quintal,AGMARKNET / Directorate of Marketing and Inspection
maize-pune-deshi-red,Maize,Pune,Pune,Maharashtra,Deshi Red,2021-03-06,1900.0,2100.0,2050.0,INR/quintal,AGMARKNET / Directorate of Marketing and Inspection
maize-pune-deshi-red,Maize,Pune,Pune,Maharashtra,Deshi Red,2021-03-10,1900.0,2100.0,2025.0,INR/quintal,AGMARKNET / Directorate of Marketing and Inspection
maize-pune-deshi-red,Maize,Pune,Pune,Maharashtra,Deshi Red,2021-03-11,1900.0,2100.0,2025.0,INR/quintal,AGMARKNET / Directorate of Marketing and Inspection
maize-pune-deshi-red,Maize,Pune,Pune,Maharashtra,Deshi Red,2021-03-12,1950.0,2150.0,2050.0,INR/quintal,AGMARKNET / Directorate of Marketing and Inspection
maize-pune-deshi-red,Maize,Pune,Pune,Maharashtra,Deshi Red,2021-03-13,1950.0,2150.0,2050.0,INR/quintal,AGMARKNET / Directorate of Marketing and Inspection
maize-pune-deshi-red,Maize,Pune,Pune,Maharashtra,Deshi Red,2021-03-15,1900.0,2100.0,2050.0,INR/quintal,AGMARKNET / Directorate of Marketing and Inspection
maize-pune-deshi-red,Maize,Pune,Pune,Maharashtra,Deshi Red,2021-03-16,1950.0,2100.0,2050.0,INR/quintal,AGMARKNET / Directorate of Marketing and Inspection
maize-pune-deshi-red,Maize,Pune,Pune,Maharashtra,Deshi Red,2021-03-22,1900.0,2150.0,2050.0,INR/quintal,AGMARKNET / Directorate of Marketing and Inspection
maize-pune-deshi-red,Maize,Pune,Pune,Maharashtra,Deshi Red,2021-03-23,1950.0,2150.0,2075.0,INR/quintal,AGMARKNET / Directorate of Marketing and Inspection
maize-pune-deshi-red,Maize,Pune,Pune,Maharashtra,Deshi Red,2021-03-24,1950.0,2150.0,2075.0,INR/quintal,AGMARKNET / Directorate of Marketing and Inspection
maize-pune-deshi-red,Maize,Pune,Pune,Maharashtra,Deshi Red,2021-03-26,2000.0,2200.0,2100.0,INR/quintal,AGMARKNET / Directorate of Marketing and Inspection
maize-pune-deshi-red,Maize,Pune,Pune,Maharashtra,Deshi Red,2021-03-27,2000.0,2200.0,2100.0,INR/quintal,AGMARKNET / Directorate of Marketing and Inspection
maize-pune-deshi-red,Maize,Pune,Pune,Maharashtra,Deshi Red,2021-03-29,2000.0,2150.0,2000.0,INR/quintal,AGMARKNET / Directorate of Marketing and Inspection
maize-pune-deshi-red,Maize,Pune,Pune,Maharashtra,Deshi Red,2021-03-30,2000.0,2200.0,2100.0,INR/quintal,AGMARKNET / Directorate of Marketing and Inspection
maize-pune-deshi-red,Maize,Pune,Pune,Maharashtra,Deshi Red,2021-03-31,2000.0,2175.0,2090.0,INR/quintal,AGMARKNET / Directorate of Marketing and Inspection
maize-pune-deshi-red,Maize,Pune,Pune,Maharashtra,Deshi Red,2021-04-01,1975.0,2200.0,2090.0,INR/quintal,AGMARKNET / Directorate of Marketing and Inspection
maize-pune-deshi-red,Maize,Pune,Pune,Maharashtra,Deshi Red,2021-04-02,1975.0,2200.0,2090.0,INR/quintal,AGMARKNET / Directorate of Marketing and Inspection
maize-pune-deshi-red,Maize,Pune,Pune,Maharashtra,Deshi Red,2021-04-05,2000.0,2200.0,2150.0,INR/quintal,AGMARKNET / Directorate of Marketing and Inspection
maize-pune-deshi-red,Maize,Pune,Pune,Maharashtra,Deshi Red,2021-04-06,1950.0,2200.0,2100.0,INR/quintal,AGMARKNET / Directorate of Marketing and Inspection
maize-pune-deshi-red,Maize,Pune,Pune,Maharashtra,Deshi Red,2021-04-07,1950.0,2150.0,2050.0,INR/quintal,AGMARKNET / Directorate of Marketing and Inspection
maize-pune-deshi-red,Maize,Pune,Pune,Maharashtra,Deshi Red,2021-04-08,1975.0,2200.0,2090.0,INR/quintal,AGMARKNET / Directorate of Marketing and Inspection
maize-pune-deshi-red,Maize,Pune,Pune,Maharashtra,Deshi Red,2021-04-09,2000.0,2200.0,2150.0,INR/quintal,AGMARKNET / Directorate of Marketing and Inspection
maize-pune-deshi-red,Maize,Pune,Pune,Maharashtra,Deshi Red,2021-04-13,1975.0,2200.0,2090.0,INR/quintal,AGMARKNET / Directorate of Marketing and Inspection
maize-pune-deshi-red,Maize,Pune,Pune,Maharashtra,Deshi Red,2021-04-14,2000.0,2200.0,2150.0,INR/quintal,AGMARKNET / Directorate of Marketing and Inspection
maize-pune-deshi-red,Maize,Pune,Pune,Maharashtra,Deshi Red,2021-04-15,1950.0,2200.0,2100.0,INR/quintal,AGMARKNET / Directorate of Marketing and Inspection
maize-pune-deshi-red,Maize,Pune,Pune,Maharashtra,Deshi Red,2021-04-16,1950.0,2200.0,2100.0,INR/quintal,AGMARKNET / Directorate of Marketing and Inspection
maize-pune-deshi-red,Maize,Pune,Pune,Maharashtra,Deshi Red,2021-04-19,2000.0,2200.0,2150.0,INR/quintal,AGMARKNET / Directorate of Marketing and Inspection
maize-pune-deshi-red,Maize,Pune,Pune,Maharashtra,Deshi Red,2021-04-20,1950.0,2150.0,2100.0,INR/quintal,AGMARKNET / Directorate of Marketing and Inspection
maize-pune-deshi-red,Maize,Pune,Pune,Maharashtra,Deshi Red,2021-04-21,1950.0,2150.0,2100.0,INR/quintal,AGMARKNET / Directorate of Marketing and Inspection
maize-pune-deshi-red,Maize,Pune,Pune,Maharashtra,Deshi Red,2021-04-22,2000.0,2100.0,2050.0,INR/quintal,AGMARKNET / Directorate of Marketing and Inspection
maize-pune-deshi-red,Maize,Pune,Pune,Maharashtra,Deshi Red,2021-04-23,1950.0,2100.0,2050.0,INR/quintal,AGMARKNET / Directorate of Marketing and Inspection
maize-pune-deshi-red,Maize,Pune,Pune,Maharashtra,Deshi Red,2021-04-26,1950.0,2100.0,2050.0,INR/quintal,AGMARKNET / Directorate of Marketing and Inspection
maize-pune-deshi-red,Maize,Pune,Pune,Maharashtra,Deshi Red,2021-04-27,1950.0,2050.0,2000.0,INR/quintal,AGMARKNET / Directorate of Marketing and Inspection
maize-pune-deshi-red,Maize,Pune,Pune,Maharashtra,Deshi Red,2021-04-28,1950.0,2050.0,2000.0,INR/quintal,AGMARKNET / Directorate of Marketing and Inspection
maize-pune-deshi-red,Maize,Pune,Pune,Maharashtra,Deshi Red,2021-04-30,1950.0,2100.0,2050.0,INR/quintal,AGMARKNET / Directorate of Marketing and Inspection
maize-pune-deshi-red,Maize,Pune,Pune,Maharashtra,Deshi Red,2021-06-01,2050.0,2250.0,2150.0,INR/quintal,AGMARKNET / Directorate of Marketing and Inspection
maize-pune-deshi-red,Maize,Pune,Pune,Maharashtra,Deshi Red,2021-06-03,2100.0,2250.0,2200.0,INR/quintal,AGMARKNET / Directorate of Marketing and Inspection
maize-pune-deshi-red,Maize,Pune,Pune,Maharashtra,Deshi Red,2021-06-04,2100.0,2250.0,2200.0,INR/quintal,AGMARKNET / Directorate of Marketing and Inspection
maize-pune-deshi-red,Maize,Pune,Pune,Maharashtra,Deshi Red,2021-06-05,2100.0,2300.0,2250.0,INR/quintal,AGMARKNET / Directorate of Marketing and Inspection
maize-pune-deshi-red,Maize,Pune,Pune,Maharashtra,Deshi Red,2021-06-09,2050.0,2300.0,2200.0,INR/quintal,AGMARKNET / Directorate of Marketing and Inspection
maize-pune-deshi-red,Maize,Pune,Pune,Maharashtra,Deshi Red,2021-06-12,2100.0,2300.0,2250.0,INR/quintal,AGMARKNET / Directorate of Marketing and Inspection
maize-pune-deshi-red,Maize,Pune,Pune,Maharashtra,Deshi Red,2021-06-16,2150.0,2300.0,2250.0,INR/quintal,AGMARKNET / Directorate of Marketing and Inspection
maize-pune-deshi-red,Maize,Pune,Pune,Maharashtra,Deshi Red,2021-06-17,2100.0,2300.0,2250.0,INR/quintal,AGMARKNET / Directorate of Marketing and Inspection
maize-pune-deshi-red,Maize,Pune,Pune,Maharashtra,Deshi Red,2021-06-18,2100.0,2300.0,2250.0,INR/quintal,AGMARKNET / Directorate of Marketing and Inspection
maize-pune-deshi-red,Maize,Pune,Pune,Maharashtra,Deshi Red,2021-06-23,2100.0,2300.0,2250.0,INR/quintal,AGMARKNET / Directorate of Marketing and Inspection
maize-pune-deshi-red,Maize,Pune,Pune,Maharashtra,Deshi Red,2021-06-25,2200.0,2350.0,2300.0,INR/quintal,AGMARKNET / Directorate of Marketing and Inspection
maize-pune-deshi-red,Maize,Pune,Pune,Maharashtra,Deshi Red,2021-06-26,2200.0,2350.0,2300.0,INR/quintal,AGMARKNET / Directorate of Marketing and Inspection
maize-pune-deshi-red,Maize,Pune,Pune,Maharashtra,Deshi Red,2021-06-30,2150.0,2350.0,2300.0,INR/quintal,AGMARKNET / Directorate of Marketing and Inspection
tomato-pune-local,Tomato,Pune,Pune,Maharashtra,Local,2021-01-14,400.0,600.0,500.0,INR/quintal,AGMARKNET / Directorate of Marketing and Inspection
tomato-pune-local,Tomato,Pune,Pune,Maharashtra,Local,2021-01-15,250.0,800.0,500.0,INR/quintal,AGMARKNET / Directorate of Marketing and Inspection
tomato-pune-local,Tomato,Pune,Pune,Maharashtra,Local,2021-01-19,300.0,500.0,400.0,INR/quintal,AGMARKNET / Directorate of Marketing and Inspection
tomato-pune-local,Tomato,Pune,Pune,Maharashtra,Local,2021-01-20,300.0,600.0,450.0,INR/quintal,AGMARKNET / Directorate of Marketing and Inspection
tomato-pune-local,Tomato,Pune,Pune,Maharashtra,Local,2021-01-21,300.0,600.0,450.0,INR/quintal,AGMARKNET / Directorate of Marketing and Inspection
tomato-pune-local,Tomato,Pune,Pune,Maharashtra,Local,2021-01-22,200.0,500.0,350.0,INR/quintal,AGMARKNET / Directorate of Marketing and Inspection
tomato-pune-local,Tomato,Pune,Pune,Maharashtra,Local,2021-01-27,300.0,700.0,500.0,INR/quintal,AGMARKNET / Directorate of Marketing and Inspection
tomato-pune-local,Tomato,Pune,Pune,Maharashtra,Local,2021-01-28,300.0,600.0,450.0,INR/quintal,AGMARKNET / Directorate of Marketing and Inspection
tomato-pune-local,Tomato,Pune,Pune,Maharashtra,Local,2021-01-29,300.0,700.0,500.0,INR/quintal,AGMARKNET / Directorate of Marketing and Inspection
tomato-pune-local,Tomato,Pune,Pune,Maharashtra,Local,2021-02-02,300.0,600.0,450.0,INR/quintal,AGMARKNET / Directorate of Marketing and Inspection
tomato-pune-local,Tomato,Pune,Pune,Maharashtra,Local,2021-02-03,300.0,800.0,550.0,INR/quintal,AGMARKNET / Directorate of Marketing and Inspection
tomato-pune-local,Tomato,Pune,Pune,Maharashtra,Local,2021-02-04,300.0,800.0,550.0,INR/quintal,AGMARKNET / Directorate of Marketing and Inspection
tomato-pune-local,Tomato,Pune,Pune,Maharashtra,Local,2021-02-05,400.0,800.0,600.0,INR/quintal,AGMARKNET / Directorate of Marketing and Inspection
tomato-pune-local,Tomato,Pune,Pune,Maharashtra,Local,2021-02-09,400.0,1200.0,1000.0,INR/quintal,AGMARKNET / Directorate of Marketing and Inspection
tomato-pune-local,Tomato,Pune,Pune,Maharashtra,Local,2021-02-10,300.0,1200.0,750.0,INR/quintal,AGMARKNET / Directorate of Marketing and Inspection
tomato-pune-local,Tomato,Pune,Pune,Maharashtra,Local,2021-02-11,400.0,1200.0,800.0,INR/quintal,AGMARKNET / Directorate of Marketing and Inspection
tomato-pune-local,Tomato,Pune,Pune,Maharashtra,Local,2021-02-12,500.0,1200.0,850.0,INR/quintal,AGMARKNET / Directorate of Marketing and Inspection
tomato-pune-local,Tomato,Pune,Pune,Maharashtra,Local,2021-02-15,600.0,1200.0,900.0,INR/quintal,AGMARKNET / Directorate of Marketing and Inspection
tomato-pune-local,Tomato,Pune,Pune,Maharashtra,Local,2021-02-19,500.0,1000.0,750.0,INR/quintal,AGMARKNET / Directorate of Marketing and Inspection
tomato-pune-local,Tomato,Pune,Pune,Maharashtra,Local,2021-02-22,500.0,1200.0,850.0,INR/quintal,AGMARKNET / Directorate of Marketing and Inspection
tomato-pune-local,Tomato,Pune,Pune,Maharashtra,Local,2021-02-23,500.0,1000.0,750.0,INR/quintal,AGMARKNET / Directorate of Marketing and Inspection
tomato-pune-local,Tomato,Pune,Pune,Maharashtra,Local,2021-02-24,400.0,1000.0,700.0,INR/quintal,AGMARKNET / Directorate of Marketing and Inspection
tomato-pune-local,Tomato,Pune,Pune,Maharashtra,Local,2021-02-25,400.0,1000.0,700.0,INR/quintal,AGMARKNET / Directorate of Marketing and Inspection
tomato-pune-local,Tomato,Pune,Pune,Maharashtra,Local,2021-02-26,400.0,1000.0,700.0,INR/quintal,AGMARKNET / Directorate of Marketing and Inspection
tomato-pune-local,Tomato,Pune,Pune,Maharashtra,Local,2021-03-02,400.0,1000.0,700.0,INR/quintal,AGMARKNET / Directorate of Marketing and Inspection
tomato-pune-local,Tomato,Pune,Pune,Maharashtra,Local,2021-03-04,400.0,1000.0,700.0,INR/quintal,AGMARKNET / Directorate of Marketing and Inspection
tomato-pune-local,Tomato,Pune,Pune,Maharashtra,Local,2021-03-05,300.0,1000.0,800.0,INR/quintal,AGMARKNET / Directorate of Marketing and Inspection
tomato-pune-local,Tomato,Pune,Pune,Maharashtra,Local,2021-03-07,400.0,1000.0,700.0,INR/quintal,AGMARKNET / Directorate of Marketing and Inspection
tomato-pune-local,Tomato,Pune,Pune,Maharashtra,Local,2021-03-10,400.0,700.0,550.0,INR/quintal,AGMARKNET / Directorate of Marketing and Inspection
tomato-pune-local,Tomato,Pune,Pune,Maharashtra,Local,2021-03-11,400.0,700.0,550.0,INR/quintal,AGMARKNET / Directorate of Marketing and Inspection
tomato-pune-local,Tomato,Pune,Pune,Maharashtra,Local,2021-03-12,400.0,800.0,600.0,INR/quintal,AGMARKNET / Directorate of Marketing and Inspection
tomato-pune-local,Tomato,Pune,Pune,Maharashtra,Local,2021-03-14,400.0,800.0,600.0,INR/quintal,AGMARKNET / Directorate of Marketing and Inspection
tomato-pune-local,Tomato,Pune,Pune,Maharashtra,Local,2021-03-15,400.0,800.0,600.0,INR/quintal,AGMARKNET / Directorate of Marketing and Inspection
tomato-pune-local,Tomato,Pune,Pune,Maharashtra,Local,2021-03-16,400.0,1000.0,700.0,INR/quintal,AGMARKNET / Directorate of Marketing and Inspection
tomato-pune-local,Tomato,Pune,Pune,Maharashtra,Local,2021-03-21,400.0,800.0,600.0,INR/quintal,AGMARKNET / Directorate of Marketing and Inspection
tomato-pune-local,Tomato,Pune,Pune,Maharashtra,Local,2021-03-22,400.0,800.0,600.0,INR/quintal,AGMARKNET / Directorate of Marketing and Inspection
tomato-pune-local,Tomato,Pune,Pune,Maharashtra,Local,2021-03-23,400.0,800.0,600.0,INR/quintal,AGMARKNET / Directorate of Marketing and Inspection
tomato-pune-local,Tomato,Pune,Pune,Maharashtra,Local,2021-03-24,400.0,800.0,600.0,INR/quintal,AGMARKNET / Directorate of Marketing and Inspection
tomato-pune-local,Tomato,Pune,Pune,Maharashtra,Local,2021-03-26,400.0,800.0,600.0,INR/quintal,AGMARKNET / Directorate of Marketing and Inspection
tomato-pune-local,Tomato,Pune,Pune,Maharashtra,Local,2021-03-28,300.0,1000.0,650.0,INR/quintal,AGMARKNET / Directorate of Marketing and Inspection
tomato-pune-local,Tomato,Pune,Pune,Maharashtra,Local,2021-03-30,400.0,1200.0,800.0,INR/quintal,AGMARKNET / Directorate of Marketing and Inspection
tomato-pune-local,Tomato,Pune,Pune,Maharashtra,Local,2021-03-31,600.0,1200.0,900.0,INR/quintal,AGMARKNET / Directorate of Marketing and Inspection
tomato-pune-local,Tomato,Pune,Pune,Maharashtra,Local,2021-04-01,800.0,1200.0,1000.0,INR/quintal,AGMARKNET / Directorate of Marketing and Inspection
tomato-pune-local,Tomato,Pune,Pune,Maharashtra,Local,2021-04-02,600.0,1400.0,1000.0,INR/quintal,AGMARKNET / Directorate of Marketing and Inspection
tomato-pune-local,Tomato,Pune,Pune,Maharashtra,Local,2021-04-04,600.0,1400.0,1000.0,INR/quintal,AGMARKNET / Directorate of Marketing and Inspection
tomato-pune-local,Tomato,Pune,Pune,Maharashtra,Local,2021-04-05,500.0,1300.0,900.0,INR/quintal,AGMARKNET / Directorate of Marketing and Inspection
tomato-pune-local,Tomato,Pune,Pune,Maharashtra,Local,2021-04-06,400.0,1200.0,800.0,INR/quintal,AGMARKNET / Directorate of Marketing and Inspection
tomato-pune-local,Tomato,Pune,Pune,Maharashtra,Local,2021-04-07,500.0,1200.0,1000.0,INR/quintal,AGMARKNET / Directorate of Marketing and Inspection
tomato-pune-local,Tomato,Pune,Pune,Maharashtra,Local,2021-04-08,400.0,1200.0,800.0,INR/quintal,AGMARKNET / Directorate of Marketing and Inspection
tomato-pune-local,Tomato,Pune,Pune,Maharashtra,Local,2021-04-09,400.0,1000.0,700.0,INR/quintal,AGMARKNET / Directorate of Marketing and Inspection
tomato-pune-local,Tomato,Pune,Pune,Maharashtra,Local,2021-04-13,400.0,1000.0,700.0,INR/quintal,AGMARKNET / Directorate of Marketing and Inspection
tomato-pune-local,Tomato,Pune,Pune,Maharashtra,Local,2021-04-14,600.0,1500.0,1050.0,INR/quintal,AGMARKNET / Directorate of Marketing and Inspection
tomato-pune-local,Tomato,Pune,Pune,Maharashtra,Local,2021-04-15,600.0,1300.0,950.0,INR/quintal,AGMARKNET / Directorate of Marketing and Inspection
tomato-pune-local,Tomato,Pune,Pune,Maharashtra,Local,2021-04-16,400.0,1000.0,700.0,INR/quintal,AGMARKNET / Directorate of Marketing and Inspection
tomato-pune-local,Tomato,Pune,Pune,Maharashtra,Local,2021-04-19,400.0,1200.0,800.0,INR/quintal,AGMARKNET / Directorate of Marketing and Inspection
tomato-pune-local,Tomato,Pune,Pune,Maharashtra,Local,2021-04-20,400.0,800.0,600.0,INR/quintal,AGMARKNET / Directorate of Marketing and Inspection
tomato-pune-local,Tomato,Pune,Pune,Maharashtra,Local,2021-04-21,400.0,1400.0,900.0,INR/quintal,AGMARKNET / Directorate of Marketing and Inspection
tomato-pune-local,Tomato,Pune,Pune,Maharashtra,Local,2021-04-22,500.0,1200.0,850.0,INR/quintal,AGMARKNET / Directorate of Marketing and Inspection
tomato-pune-local,Tomato,Pune,Pune,Maharashtra,Local,2021-04-23,600.0,1000.0,800.0,INR/quintal,AGMARKNET / Directorate of Marketing and Inspection
tomato-pune-local,Tomato,Pune,Pune,Maharashtra,Local,2021-04-26,600.0,1000.0,800.0,INR/quintal,AGMARKNET / Directorate of Marketing and Inspection
tomato-pune-local,Tomato,Pune,Pune,Maharashtra,Local,2021-04-27,600.0,1200.0,900.0,INR/quintal,AGMARKNET / Directorate of Marketing and Inspection
tomato-pune-local,Tomato,Pune,Pune,Maharashtra,Local,2021-04-28,600.0,1000.0,800.0,INR/quintal,AGMARKNET / Directorate of Marketing and Inspection
tomato-pune-local,Tomato,Pune,Pune,Maharashtra,Local,2021-04-30,400.0,1200.0,1000.0,INR/quintal,AGMARKNET / Directorate of Marketing and Inspection
tomato-pune-local,Tomato,Pune,Pune,Maharashtra,Local,2021-06-01,300.0,1000.0,700.0,INR/quintal,AGMARKNET / Directorate of Marketing and Inspection
tomato-pune-local,Tomato,Pune,Pune,Maharashtra,Local,2021-06-02,300.0,1000.0,650.0,INR/quintal,AGMARKNET / Directorate of Marketing and Inspection
tomato-pune-local,Tomato,Pune,Pune,Maharashtra,Local,2021-06-03,300.0,1000.0,650.0,INR/quintal,AGMARKNET / Directorate of Marketing and Inspection
tomato-pune-local,Tomato,Pune,Pune,Maharashtra,Local,2021-06-04,500.0,1000.0,750.0,INR/quintal,AGMARKNET / Directorate of Marketing and Inspection
tomato-pune-local,Tomato,Pune,Pune,Maharashtra,Local,2021-06-06,600.0,1000.0,800.0,INR/quintal,AGMARKNET / Directorate of Marketing and Inspection
tomato-pune-local,Tomato,Pune,Pune,Maharashtra,Local,2021-06-08,300.0,1000.0,650.0,INR/quintal,AGMARKNET / Directorate of Marketing and Inspection
tomato-pune-local,Tomato,Pune,Pune,Maharashtra,Local,2021-06-09,400.0,800.0,600.0,INR/quintal,AGMARKNET / Directorate of Marketing and Inspection
tomato-pune-local,Tomato,Pune,Pune,Maharashtra,Local,2021-06-15,400.0,1000.0,700.0,INR/quintal,AGMARKNET / Directorate of Marketing and Inspection
tomato-pune-local,Tomato,Pune,Pune,Maharashtra,Local,2021-06-16,300.0,1000.0,650.0,INR/quintal,AGMARKNET / Directorate of Marketing and Inspection
tomato-pune-local,Tomato,Pune,Pune,Maharashtra,Local,2021-06-17,400.0,1000.0,700.0,INR/quintal,AGMARKNET / Directorate of Marketing and Inspection
tomato-pune-local,Tomato,Pune,Pune,Maharashtra,Local,2021-06-18,400.0,1000.0,700.0,INR/quintal,AGMARKNET / Directorate of Marketing and Inspection
tomato-pune-local,Tomato,Pune,Pune,Maharashtra,Local,2021-06-23,400.0,1000.0,700.0,INR/quintal,AGMARKNET / Directorate of Marketing and Inspection
tomato-pune-local,Tomato,Pune,Pune,Maharashtra,Local,2021-06-25,400.0,1000.0,700.0,INR/quintal,AGMARKNET / Directorate of Marketing and Inspection
tomato-pune-local,Tomato,Pune,Pune,Maharashtra,Local,2021-06-29,400.0,800.0,600.0,INR/quintal,AGMARKNET / Directorate of Marketing and Inspection
tomato-pune-local,Tomato,Pune,Pune,Maharashtra,Local,2021-06-30,400.0,1000.0,700.0,INR/quintal,AGMARKNET / Directorate of Marketing and Inspection
